FirstName,LastName,Canton,Avatar URL,PartyAbbreviation,Mandate Start,Council Abbreviation
Alex,Farinelli,TI,https://www.parlament.ch/sitecollectionimages/profil/portrait-260/3151.jpg,FDP,2023-12-04T00:00:00,NR_CH
Aline,Trede,BE,https://www.parlament.ch/sitecollectionimages/profil/portrait-260/3032.jpg,Grüne,2023-12-04T00:00:00,NR_CH
Alois,Huber,AG,https://www.parlament.ch/sitecollectionimages/profil/portrait-260/3213.jpg,SVP,2023-12-04T00:00:00,NR_CH
Andrea,Caroni,AR,https://www.parlament.ch/sitecollectionimages/profil/portrait-260/2775.jpg,FDP,2023-12-04T00:00:00,SR_CH
Andrea,Gmür-Schönenberger,LU,https://www.parlament.ch/sitecollectionimages/profil/portrait-260/3075.jpg,Mitte,2023-12-04T00:00:00,SR_CH
Andrea,Zryd,BE,https://www.parlament.ch/sitecollectionimages/profil/portrait-260/10851.jpg,SP,2023-12-04T00:00:00,NR_CH
Andreas,Glarner,AG,https://www.parlament.ch/sitecollectionimages/profil/portrait-260/3074.jpg,SVP,2023-12-04T00:00:00,NR_CH
Andreas,Gafner,BE,https://www.parlament.ch/sitecollectionimages/profil/portrait-260/3155.jpg,EDU,2023-12-04T00:00:00,NR_CH
Andreas,Meier,AG,https://www.parlament.ch/sitecollectionimages/profil/portrait-260/3228.jpg,Mitte,2023-12-04T00:00:00,NR_CH
Andri,Silberschmidt,ZH,https://www.parlament.ch/sitecollectionimages/profil/portrait-260/3182.jpg,FDP,2023-12-04T00:00:00,NR_CH
Anna,Giacometti,GR,https://www.parlament.ch/sitecollectionimages/profil/portrait-260/3157.jpg,FDP,2023-12-04T00:00:00,NR_CH
Anna,Rosenwasser,ZH,https://www.parlament.ch/sitecollectionimages/profil/portrait-260/10824.jpg,SP,2023-12-04T00:00:00,NR_CH
Balthasar,Glättli,ZH,https://www.parlament.ch/sitecollectionimages/profil/portrait-260/3003.jpg,Grüne,2023-12-04T00:00:00,NR_CH
Baptiste,Hurni,NE,https://www.parlament.ch/sitecollectionimages/profil/portrait-260/3162.jpg,SP,2023-12-04T00:00:00,SR_CH
Barbara,Gysi,SG,https://www.parlament.ch/sitecollectionimages/profil/portrait-260/3026.jpg,SP,2023-12-04T00:00:00,NR_CH
Barbara,Steinemann,ZH,https://www.parlament.ch/sitecollectionimages/profil/portrait-260/3096.jpg,SVP,2023-12-04T00:00:00,NR_CH
Barbara,Schaffner,ZH,https://www.parlament.ch/sitecollectionimages/profil/portrait-260/3179.jpg,GLP,2023-12-04T00:00:00,NR_CH
Beat,Flach,AG,https://www.parlament.ch/sitecollectionimages/profil/portrait-260/2765.jpg,GLP,2023-12-04T00:00:00,NR_CH
Beat,Walti,ZH,https://www.parlament.ch/sitecollectionimages/profil/portrait-260/3044.jpg,FDP,2023-12-04T00:00:00,NR_CH
Beat,Rieder,VS,https://www.parlament.ch/sitecollectionimages/profil/portrait-260/3105.jpg,Mitte,2023-12-04T00:00:00,SR_CH
Benedikt,Würth,SG,https://www.parlament.ch/sitecollectionimages/profil/portrait-260/3136.jpg,Mitte,2023-12-04T00:00:00,SR_CH
Benjamin,Roduit,VS,https://www.parlament.ch/sitecollectionimages/profil/portrait-260/3121.jpg,Mitte,2023-12-04T00:00:00,NR_CH
Benjamin,Giezendanner,AG,https://www.parlament.ch/sitecollectionimages/profil/portrait-260/3158.jpg,SVP,2023-12-04T00:00:00,NR_CH
Benjamin,Fischer,ZH,https://www.parlament.ch/sitecollectionimages/profil/portrait-260/3221.jpg,SVP,2023-12-04T00:00:00,NR_CH
Benjamin,Mühlemann,GL,https://www.parlament.ch/sitecollectionimages/profil/portrait-260/10802.jpg,FDP,2023-12-04T00:00:00,SR_CH
Benoît,Gaillard,VD,https://www.parlament.ch/sitecollectionimages/profil/portrait-260/15004.jpg,SP,2025-05-05T00:00:00,NR_CH
Bettina,Balmer,ZH,https://www.parlament.ch/sitecollectionimages/profil/portrait-260/10804.jpg,FDP,2023-12-04T00:00:00,NR_CH
Brenda,Tuosto,VD,https://www.parlament.ch/sitecollectionimages/profil/portrait-260/10825.jpg,SP,2023-12-04T00:00:00,NR_CH
Brigitte,Häberli-Koller,TG,https://www.parlament.ch/sitecollectionimages/profil/portrait-260/2600.jpg,Mitte,2023-12-04T00:00:00,SR_CH
Brigitte,Crottaz,VD,https://www.parlament.ch/sitecollectionimages/profil/portrait-260/3120.jpg,SP,2023-12-04T00:00:00,NR_CH
Bruno,Walliser,ZH,https://www.parlament.ch/sitecollectionimages/profil/portrait-260/3099.jpg,SVP,2023-12-04T00:00:00,NR_CH
Bruno,Storni,TI,https://www.parlament.ch/sitecollectionimages/profil/portrait-260/3208.jpg,SP,2023-12-04T00:00:00,NR_CH
Carlo,Sommaruga,GE,https://www.parlament.ch/sitecollectionimages/profil/portrait-260/2632.jpg,SP,2023-12-04T00:00:00,SR_CH
Cédric,Wermuth,AG,https://www.parlament.ch/sitecollectionimages/profil/portrait-260/2759.jpg,SP,2023-12-04T00:00:00,NR_CH
Céline,Amaudruz,GE,https://www.parlament.ch/sitecollectionimages/profil/portrait-260/2796.jpg,SVP,2023-12-04T00:00:00,NR_CH
Céline,Widmer,ZH,https://www.parlament.ch/sitecollectionimages/profil/portrait-260/3192.jpg,SP,2023-12-04T00:00:00,NR_CH
Céline,Weber,VD,https://www.parlament.ch/sitecollectionimages/profil/portrait-260/3218.jpg,GLP,2023-12-04T00:00:00,NR_CH
Charles,Juillard,JU,https://www.parlament.ch/sitecollectionimages/profil/portrait-260/3195.jpg,Mitte,2023-12-04T00:00:00,SR_CH
Christian,Wasserfallen,BE,https://www.parlament.ch/sitecollectionimages/profil/portrait-260/2715.jpg,FDP,2023-12-04T00:00:00,NR_CH
Christian,Lohr,TG,https://www.parlament.ch/sitecollectionimages/profil/portrait-260/3024.jpg,Mitte,2023-12-04T00:00:00,NR_CH
Christian,Imark,SO,https://www.parlament.ch/sitecollectionimages/profil/portrait-260/3080.jpg,SVP,2023-12-04T00:00:00,NR_CH
Christian,Dandrès,GE,https://www.parlament.ch/sitecollectionimages/profil/portrait-260/3147.jpg,SP,2023-12-04T00:00:00,NR_CH
Christian,Glur,AG,https://www.parlament.ch/sitecollectionimages/profil/portrait-260/14803.jpg,SVP,2024-12-16T00:00:00,NR_CH
Christine,Bulliard-Marbach,FR,https://www.parlament.ch/sitecollectionimages/profil/portrait-260/3017.jpg,Mitte,2023-12-04T00:00:00,NR_CH
Christine,Badertscher,BE,https://www.parlament.ch/sitecollectionimages/profil/portrait-260/3138.jpg,Grüne,2023-12-04T00:00:00,NR_CH
Christoph,Riner,AG,https://www.parlament.ch/sitecollectionimages/profil/portrait-260/10801.jpg,SVP,2023-12-04T00:00:00,NR_CH
Christophe,Clivaz,VS,https://www.parlament.ch/sitecollectionimages/profil/portrait-260/3145.jpg,Grüne,2023-12-04T00:00:00,NR_CH
Clarence,Chollet,NE,https://www.parlament.ch/sitecollectionimages/profil/portrait-260/15304.jpg,Grüne,2025-06-02T00:00:00,NR_CH
Claudia,Friedl,SG,https://www.parlament.ch/sitecollectionimages/profil/portrait-260/3035.jpg,SP,2023-12-04T00:00:00,NR_CH
Corina,Gredig,ZH,https://www.parlament.ch/sitecollectionimages/profil/portrait-260/3159.jpg,GLP,2023-12-11T00:00:00,NR_CH
Cyril,Aellen,GE,https://www.parlament.ch/sitecollectionimages/profil/portrait-260/10803.jpg,FDP,2023-12-04T00:00:00,NR_CH
Damian,Müller,LU,https://www.parlament.ch/sitecollectionimages/profil/portrait-260/3108.jpg,FDP,2023-12-04T00:00:00,SR_CH
Damien,Cottier,NE,https://www.parlament.ch/sitecollectionimages/profil/portrait-260/3146.jpg,FDP,2023-12-04T00:00:00,NR_CH
Daniel,Jositsch,ZH,https://www.parlament.ch/sitecollectionimages/profil/portrait-260/2694.jpg,SP,2023-12-04T00:00:00,SR_CH
Daniel,Fässler,AI,https://www.parlament.ch/sitecollectionimages/profil/portrait-260/2767.jpg,Mitte,2023-12-04T00:00:00,SR_CH
Daniel,Ruch,VD,https://www.parlament.ch/sitecollectionimages/profil/portrait-260/3224.jpg,FDP,2023-12-04T00:00:00,NR_CH
Daniel,Sormanni,GE,https://www.parlament.ch/sitecollectionimages/profil/portrait-260/11404.jpg,MCG,2023-12-04T00:00:00,NR_CH
Daniela,Schneeberger,BL,https://www.parlament.ch/sitecollectionimages/profil/portrait-260/2766.jpg,FDP,2023-12-04T00:00:00,NR_CH
David,Roth,LU,https://www.parlament.ch/sitecollectionimages/profil/portrait-260/10821.jpg,SP,2023-12-04T00:00:00,NR_CH
Delphine,Klopfenstein Broggini,GE,https://www.parlament.ch/sitecollectionimages/profil/portrait-260/3164.jpg,Grüne,2023-12-04T00:00:00,NR_CH
Diana,Gutjahr,TG,https://www.parlament.ch/sitecollectionimages/profil/portrait-260/3117.jpg,SVP,2023-12-04T00:00:00,NR_CH
Didier,Calame,NE,https://www.parlament.ch/sitecollectionimages/profil/portrait-260/10850.jpg,SVP,2023-12-04T00:00:00,NR_CH
Dominik,Blunschy,SZ,https://www.parlament.ch/sitecollectionimages/profil/portrait-260/10816.jpg,Mitte,2023-12-04T00:00:00,NR_CH
Edgar,Bischof,AR,https://www.parlament.ch/sitecollectionimages/profil/portrait-260/16706.jpg,SVP,2026-03-20T00:00:00,NR_CH
Elisabeth,Schneider-Schneiter,BL,https://www.parlament.ch/sitecollectionimages/profil/portrait-260/2748.jpg,Mitte,2023-12-04T00:00:00,NR_CH
Emmanuel,Amoos,VS,https://www.parlament.ch/sitecollectionimages/profil/portrait-260/3217.jpg,SP,2023-12-04T00:00:00,NR_CH
Eric,Nussbaumer,BL,https://www.parlament.ch/sitecollectionimages/profil/portrait-260/2702.jpg,SP,2023-12-04T00:00:00,NR_CH
Erich,Hess,BE,https://www.parlament.ch/sitecollectionimages/profil/portrait-260/3078.jpg,SVP,2023-12-04T00:00:00,NR_CH
Erich,Ettlin,OW,https://www.parlament.ch/sitecollectionimages/profil/portrait-260/3107.jpg,Mitte,2023-12-04T00:00:00,SR_CH
Erich,Vontobel,ZH,https://www.parlament.ch/sitecollectionimages/profil/portrait-260/10838.jpg,EDU,2023-12-04T00:00:00,NR_CH
Ernst,Wandfluh,BE,https://www.parlament.ch/sitecollectionimages/profil/portrait-260/10834.jpg,SVP,2023-12-04T00:00:00,NR_CH
Estelle,Revaz,GE,https://www.parlament.ch/sitecollectionimages/profil/portrait-260/10823.jpg,SP,2023-12-04T00:00:00,NR_CH
Esther,Friedli,SG,https://www.parlament.ch/sitecollectionimages/profil/portrait-260/3153.jpg,SVP,2023-12-04T00:00:00,SR_CH
Eva,Herzog,BS,https://www.parlament.ch/sitecollectionimages/profil/portrait-260/3194.jpg,SP,2023-12-04T00:00:00,SR_CH
Fabian,Molina,ZH,https://www.parlament.ch/sitecollectionimages/profil/portrait-260/3124.jpg,SP,2023-12-04T00:00:00,NR_CH
Fabien,Fivaz,NE,https://www.parlament.ch/sitecollectionimages/profil/portrait-260/3152.jpg,Grüne,2025-06-02T00:00:00,SR_CH
Fabienne,Stämpfli,BE,https://www.parlament.ch/sitecollectionimages/profil/portrait-260/14810.jpg,GLP,2025-03-04T00:00:00,NR_CH
Fabio,Regazzi,TI,https://www.parlament.ch/sitecollectionimages/profil/portrait-260/2776.jpg,Mitte,2023-12-04T00:00:00,SR_CH
Farah,Rumy,SO,https://www.parlament.ch/sitecollectionimages/profil/portrait-260/11506.jpg,SP,2023-12-04T00:00:00,NR_CH
Felix,Wettstein,SO,https://www.parlament.ch/sitecollectionimages/profil/portrait-260/3191.jpg,Grüne,2023-12-04T00:00:00,NR_CH
Flavia,Wasserfallen,BE,https://www.parlament.ch/sitecollectionimages/profil/portrait-260/3125.jpg,SP,2023-12-04T00:00:00,SR_CH
Florence,Brenzikofer,BL,https://www.parlament.ch/sitecollectionimages/profil/portrait-260/3211.jpg,Grüne,2023-12-04T00:00:00,NR_CH
Franz,Grüter,LU,https://www.parlament.ch/sitecollectionimages/profil/portrait-260/3076.jpg,SVP,2023-12-04T00:00:00,NR_CH
Franziska,Roth,SO,https://www.parlament.ch/sitecollectionimages/profil/portrait-260/3175.jpg,SP,2023-12-04T00:00:00,SR_CH
Franziska,Ryser,SG,https://www.parlament.ch/sitecollectionimages/profil/portrait-260/3178.jpg,Grüne,2023-12-04T00:00:00,NR_CH
Gabriela,Suter,AG,https://www.parlament.ch/sitecollectionimages/profil/portrait-260/3187.jpg,SP,2023-12-04T00:00:00,NR_CH
Gerhard,Pfister,ZG,https://www.parlament.ch/sitecollectionimages/profil/portrait-260/2623.jpg,Mitte,2023-12-04T00:00:00,NR_CH
Gerhard,Andrey,FR,https://www.parlament.ch/sitecollectionimages/profil/portrait-260/3137.jpg,Grüne,2023-12-04T00:00:00,NR_CH
Giorgio,Fonio,TI,https://www.parlament.ch/sitecollectionimages/profil/portrait-260/11505.jpg,Mitte,2023-12-04T00:00:00,NR_CH
Gregor,Rutz,ZH,https://www.parlament.ch/sitecollectionimages/profil/portrait-260/3030.jpg,SVP,2023-12-04T00:00:00,NR_CH
Greta,Gysin,TI,https://www.parlament.ch/sitecollectionimages/profil/portrait-260/3160.jpg,Grüne,2023-12-04T00:00:00,NR_CH
Hannes,Germann,SH,https://www.parlament.ch/sitecollectionimages/profil/portrait-260/2575.jpg,SVP,2023-12-04T00:00:00,SR_CH
Hans,Wicki,NW,https://www.parlament.ch/sitecollectionimages/profil/portrait-260/3054.jpg,FDP,2023-12-04T00:00:00,SR_CH
Hans Jörg,Rüegsegger,BE,https://www.parlament.ch/sitecollectionimages/profil/portrait-260/10852.jpg,SVP,2023-12-04T00:00:00,NR_CH
Hans-Peter,Portmann,ZH,https://www.parlament.ch/sitecollectionimages/profil/portrait-260/3043.jpg,FDP,2023-12-04T00:00:00,NR_CH
Hasan,Candan,LU,https://www.parlament.ch/sitecollectionimages/profil/portrait-260/10828.jpg,SP,2023-12-04T00:00:00,NR_CH
Heidi,Z'graggen,UR,https://www.parlament.ch/sitecollectionimages/profil/portrait-260/3198.jpg,Mitte,2023-12-04T00:00:00,SR_CH
Heinz,Theiler,SZ,https://www.parlament.ch/sitecollectionimages/profil/portrait-260/10808.jpg,FDP,2023-12-04T00:00:00,NR_CH
Irène,Kälin,AG,https://www.parlament.ch/sitecollectionimages/profil/portrait-260/3119.jpg,Grüne,2023-12-04T00:00:00,NR_CH
Isabelle,Chassot,FR,https://www.parlament.ch/sitecollectionimages/profil/portrait-260/3220.jpg,Mitte,2023-12-04T00:00:00,SR_CH
Isabelle,Chappuis,VD,https://www.parlament.ch/sitecollectionimages/profil/portrait-260/10817.jpg,Mitte,2023-12-04T00:00:00,NR_CH
Islam,Alijaj,ZH,https://www.parlament.ch/sitecollectionimages/profil/portrait-260/10812.jpg,SP,2023-12-04T00:00:00,NR_CH
Jacqueline,Badran,ZH,https://www.parlament.ch/sitecollectionimages/profil/portrait-260/2762.jpg,SP,2023-12-04T00:00:00,NR_CH
Jacqueline,de Quattro,VD,https://www.parlament.ch/sitecollectionimages/profil/portrait-260/3149.jpg,FDP,2023-12-04T00:00:00,NR_CH
Jacques,Nicolet,VD,https://www.parlament.ch/sitecollectionimages/profil/portrait-260/3089.jpg,SVP,2023-12-04T00:00:00,NR_CH
Jakob,Stark,TG,https://www.parlament.ch/sitecollectionimages/profil/portrait-260/3196.jpg,SVP,2023-12-04T00:00:00,SR_CH
Jean,Tschopp,VD,https://www.parlament.ch/sitecollectionimages/profil/portrait-260/10827.jpg,SP,2023-12-04T00:00:00,NR_CH
Jean-Luc,Addor,VS,https://www.parlament.ch/sitecollectionimages/profil/portrait-260/3055.jpg,SVP,2023-12-04T00:00:00,NR_CH
Jessica,Jaccoud,VD,https://www.parlament.ch/sitecollectionimages/profil/portrait-260/10820.jpg,SP,2023-12-04T00:00:00,NR_CH
Johanna,Gapany,FR,https://www.parlament.ch/sitecollectionimages/profil/portrait-260/3183.jpg,FDP,2023-12-04T00:00:00,SR_CH
Jon,Pult,GR,https://www.parlament.ch/sitecollectionimages/profil/portrait-260/3173.jpg,SP,2023-12-04T00:00:00,NR_CH
Josef,Dittli,UR,https://www.parlament.ch/sitecollectionimages/profil/portrait-260/3052.jpg,FDP,2023-12-04T00:00:00,SR_CH
Jürg,Grossen,BE,https://www.parlament.ch/sitecollectionimages/profil/portrait-260/2786.jpg,GLP,2023-12-04T00:00:00,NR_CH
Katharina,Prelicz-Huber,ZH,https://www.parlament.ch/sitecollectionimages/profil/portrait-260/2732.jpg,Grüne,2023-12-04T00:00:00,NR_CH
Kathrin,Bertschy,BE,https://www.parlament.ch/sitecollectionimages/profil/portrait-260/3016.jpg,GLP,2023-12-04T00:00:00,NR_CH
Katja,Christ,BS,https://www.parlament.ch/sitecollectionimages/profil/portrait-260/3144.jpg,GLP,2023-12-04T00:00:00,NR_CH
Katja,Riem,BE,https://www.parlament.ch/sitecollectionimages/profil/portrait-260/10830.jpg,SVP,2023-12-04T00:00:00,NR_CH
Kilian,Baumann,BE,https://www.parlament.ch/sitecollectionimages/profil/portrait-260/3139.jpg,Grüne,2023-12-04T00:00:00,NR_CH
Kris,Vietze,TG,https://www.parlament.ch/sitecollectionimages/profil/portrait-260/10806.jpg,FDP,2023-12-04T00:00:00,NR_CH
Lars,Guggisberg,BE,https://www.parlament.ch/sitecollectionimages/profil/portrait-260/3206.jpg,SVP,2023-12-04T00:00:00,NR_CH
Laurence,Fehlmann Rielle,GE,https://www.parlament.ch/sitecollectionimages/profil/portrait-260/3071.jpg,SP,2023-12-04T00:00:00,NR_CH
Laurent,Wehrli,VD,https://www.parlament.ch/sitecollectionimages/profil/portrait-260/3100.jpg,FDP,2023-12-04T00:00:00,NR_CH
Leo,Müller,LU,https://www.parlament.ch/sitecollectionimages/profil/portrait-260/3012.jpg,Mitte,2023-12-04T00:00:00,NR_CH
Léonore,Porchet,VD,https://www.parlament.ch/sitecollectionimages/profil/portrait-260/3172.jpg,Grüne,2023-12-04T00:00:00,NR_CH
Linda,De Ventura,SH,https://www.parlament.ch/sitecollectionimages/profil/portrait-260/14105.jpg,SP,2024-12-02T00:00:00,NR_CH
Lorenz,Hess,BE,https://www.parlament.ch/sitecollectionimages/profil/portrait-260/2799.jpg,Mitte,2023-12-04T00:00:00,NR_CH
Lorenzo,Quadri,TI,https://www.parlament.ch/sitecollectionimages/profil/portrait-260/2752.jpg,Lega,2023-12-04T00:00:00,NR_CH
Lukas,Reimann,SG,https://www.parlament.ch/sitecollectionimages/profil/portrait-260/2704.jpg,SVP,2023-12-04T00:00:00,NR_CH
Magdalena,Martullo-Blocher,GR,https://www.parlament.ch/sitecollectionimages/profil/portrait-260/3085.jpg,SVP,2023-12-04T00:00:00,NR_CH
Maja,Riniker,AG,https://www.parlament.ch/sitecollectionimages/profil/portrait-260/3209.jpg,FDP,2023-12-04T00:00:00,NR_CH
Manfred,Bühler,BE,https://www.parlament.ch/sitecollectionimages/profil/portrait-260/3063.jpg,SVP,2023-12-04T00:00:00,NR_CH
Manuel,Strupler,TG,https://www.parlament.ch/sitecollectionimages/profil/portrait-260/3185.jpg,SVP,2023-12-04T00:00:00,NR_CH
Manuela,Weichelt,ZG,https://www.parlament.ch/sitecollectionimages/profil/portrait-260/3190.jpg,ALG Zug,2023-12-04T00:00:00,NR_CH
Marc,Jost,BE,https://www.parlament.ch/sitecollectionimages/profil/portrait-260/3226.jpg,EVP,2023-12-04T00:00:00,NR_CH
Marcel,Dettling,SZ,https://www.parlament.ch/sitecollectionimages/profil/portrait-260/3069.jpg,SVP,2024-05-09T00:00:00,NR_CH
Marcel,Dobler,SG,https://www.parlament.ch/sitecollectionimages/profil/portrait-260/3070.jpg,FDP,2023-12-04T00:00:00,NR_CH
Marco,Chiesa,TI,https://www.parlament.ch/sitecollectionimages/profil/portrait-260/3067.jpg,SVP,2023-12-04T00:00:00,SR_CH
Marianne,Binder-Keller,AG,https://www.parlament.ch/sitecollectionimages/profil/portrait-260/3141.jpg,Mitte,2023-12-04T00:00:00,SR_CH
Marianne,Maret,VS,https://www.parlament.ch/sitecollectionimages/profil/portrait-260/3200.jpg,Mitte,2023-12-04T00:00:00,SR_CH
Marie-France,Roth Pasquier,FR,https://www.parlament.ch/sitecollectionimages/profil/portrait-260/3176.jpg,Mitte,2023-12-04T00:00:00,NR_CH
Marionna,Schlatter,ZH,https://www.parlament.ch/sitecollectionimages/profil/portrait-260/3180.jpg,Grüne,2023-12-04T00:00:00,NR_CH
Markus,Ritter,SG,https://www.parlament.ch/sitecollectionimages/profil/portrait-260/2754.jpg,Mitte,2023-12-04T00:00:00,NR_CH
Markus,Schnyder,GL,https://www.parlament.ch/sitecollectionimages/profil/portrait-260/10841.jpg,SVP,2023-12-04T00:00:00,NR_CH
Martin,Bäumle,ZH,https://www.parlament.ch/sitecollectionimages/profil/portrait-260/2585.jpg,GLP,2023-12-04T00:00:00,NR_CH
Martin,Candinas,GR,https://www.parlament.ch/sitecollectionimages/profil/portrait-260/2770.jpg,Mitte,2023-12-04T00:00:00,NR_CH
Martin,Schmid,GR,https://www.parlament.ch/sitecollectionimages/profil/portrait-260/2783.jpg,FDP,2023-12-04T00:00:00,SR_CH
Martin,Haab,ZH,https://www.parlament.ch/sitecollectionimages/profil/portrait-260/3134.jpg,SVP,2023-12-04T00:00:00,NR_CH
Martin,Hübscher,ZH,https://www.parlament.ch/sitecollectionimages/profil/portrait-260/10831.jpg,SVP,2023-12-04T00:00:00,NR_CH
Martine,Docourt,NE,https://www.parlament.ch/sitecollectionimages/profil/portrait-260/10829.jpg,SP,2023-12-04T00:00:00,NR_CH
Mathias,Zopfi,GL,https://www.parlament.ch/sitecollectionimages/profil/portrait-260/3199.jpg,Grüne,2023-12-04T00:00:00,SR_CH
Mathilde,Crevoisier Crelier,JU,https://www.parlament.ch/sitecollectionimages/profil/portrait-260/3227.jpg,SP,2023-12-04T00:00:00,SR_CH
Mattea,Meyer,ZH,https://www.parlament.ch/sitecollectionimages/profil/portrait-260/3087.jpg,SP,2023-12-04T00:00:00,NR_CH
Matthias,Michel,ZG,https://www.parlament.ch/sitecollectionimages/profil/portrait-260/3205.jpg,FDP,2023-12-04T00:00:00,SR_CH
Matthias Samuel,Jauslin,AG,https://www.parlament.ch/sitecollectionimages/profil/portrait-260/3109.jpg,GLP,2025-01-09T00:00:00,NR_CH
Mauro,Tuena,ZH,https://www.parlament.ch/sitecollectionimages/profil/portrait-260/3097.jpg,SVP,2023-12-04T00:00:00,NR_CH
Mauro,Poggia,GE,https://www.parlament.ch/sitecollectionimages/profil/portrait-260/10839.jpg,MCG,2023-12-05T00:00:00,SR_CH
Maya,Graf,BL,https://www.parlament.ch/sitecollectionimages/profil/portrait-260/2569.jpg,Grüne,2023-12-04T00:00:00,SR_CH
Maya,Bally,AG,https://www.parlament.ch/sitecollectionimages/profil/portrait-260/11508.jpg,Mitte,2023-12-04T00:00:00,NR_CH
Meret,Schneider,ZH,https://www.parlament.ch/sitecollectionimages/profil/portrait-260/3181.jpg,Grüne,2024-12-02T00:00:00,NR_CH
Michael,Töngi,LU,https://www.parlament.ch/sitecollectionimages/profil/portrait-260/3122.jpg,Grüne,2023-12-04T00:00:00,NR_CH
Michael,Graber,VS,https://www.parlament.ch/sitecollectionimages/profil/portrait-260/3216.jpg,SVP,2023-12-04T00:00:00,NR_CH
Michael,Götte,SG,https://www.parlament.ch/sitecollectionimages/profil/portrait-260/3230.jpg,SVP,2023-12-04T00:00:00,NR_CH
Michaël,Buffat,VD,https://www.parlament.ch/sitecollectionimages/profil/portrait-260/3062.jpg,SVP,2023-12-04T00:00:00,NR_CH
Mike,Egger,SG,https://www.parlament.ch/sitecollectionimages/profil/portrait-260/3130.jpg,SVP,2023-12-04T00:00:00,NR_CH
Min Li,Marti,ZH,https://www.parlament.ch/sitecollectionimages/profil/portrait-260/3084.jpg,SP,2023-12-04T00:00:00,NR_CH
Monika,Rüegger,OW,https://www.parlament.ch/sitecollectionimages/profil/portrait-260/3177.jpg,SVP,2023-12-04T00:00:00,NR_CH
Nadine,Masshardt,BE,https://www.parlament.ch/sitecollectionimages/profil/portrait-260/3034.jpg,SP,2023-12-04T00:00:00,NR_CH
Nadine,Gobet,FR,https://www.parlament.ch/sitecollectionimages/profil/portrait-260/10809.jpg,FDP,2023-12-04T00:00:00,NR_CH
Nadja,Umbricht Pieren,BE,https://www.parlament.ch/sitecollectionimages/profil/portrait-260/2781.jpg,SVP,2023-12-04T00:00:00,NR_CH
Nicolas,Kolly,FR,https://www.parlament.ch/sitecollectionimages/profil/portrait-260/10836.jpg,SVP,2023-12-04T00:00:00,NR_CH
Nicole,Barandun,ZH,https://www.parlament.ch/sitecollectionimages/profil/portrait-260/10818.jpg,Mitte,2023-12-04T00:00:00,NR_CH
Nicolò,Paganini,SG,https://www.parlament.ch/sitecollectionimages/profil/portrait-260/3123.jpg,Mitte,2025-09-16T00:00:00,NR_CH
Niklaus-Samuel,Gugger,ZH,https://www.parlament.ch/sitecollectionimages/profil/portrait-260/3115.jpg,EVP,2023-12-04T00:00:00,NR_CH
Nina,Schläfli,TG,https://www.parlament.ch/sitecollectionimages/profil/portrait-260/10826.jpg,SP,2023-12-04T00:00:00,NR_CH
Nina,Fehr Düsel,ZH,https://www.parlament.ch/sitecollectionimages/profil/portrait-260/10833.jpg,SVP,2023-12-04T00:00:00,NR_CH
Olivier,Feller,VD,https://www.parlament.ch/sitecollectionimages/profil/portrait-260/2789.jpg,FDP,2023-12-04T00:00:00,NR_CH
Paolo,Pamini,TI,https://www.parlament.ch/sitecollectionimages/profil/portrait-260/10842.jpg,SVP,2023-12-04T00:00:00,NR_CH
Pascal,Broulis,VD,https://www.parlament.ch/sitecollectionimages/profil/portrait-260/10805.jpg,FDP,2023-12-04T00:00:00,SR_CH
Pascal,Schmid,TG,https://www.parlament.ch/sitecollectionimages/profil/portrait-260/10843.jpg,SVP,2023-12-04T00:00:00,NR_CH
Patricia,von Falkenstein,BS,https://www.parlament.ch/sitecollectionimages/profil/portrait-260/3219.jpg,LDP,2023-12-04T00:00:00,NR_CH
Patrick,Hässig,ZH,https://www.parlament.ch/sitecollectionimages/profil/portrait-260/11507.jpg,GLP,2023-12-04T00:00:00,NR_CH
Peter,Schilliger,LU,https://www.parlament.ch/sitecollectionimages/profil/portrait-260/3029.jpg,FDP,2023-12-04T00:00:00,NR_CH
Peter,Hegglin,ZG,https://www.parlament.ch/sitecollectionimages/profil/portrait-260/3053.jpg,Mitte,2023-12-04T00:00:00,SR_CH
Petra,Gössi,SZ,https://www.parlament.ch/sitecollectionimages/profil/portrait-260/3023.jpg,FDP,2023-12-04T00:00:00,SR_CH
Philipp,Kutter,ZH,https://www.parlament.ch/sitecollectionimages/profil/portrait-260/3126.jpg,Mitte,2023-12-04T00:00:00,NR_CH
Philipp Matthias,Bregy,VS,https://www.parlament.ch/sitecollectionimages/profil/portrait-260/3131.jpg,Mitte,2025-09-16T00:00:00,NR_CH
Philippe,Nantermod,VS,https://www.parlament.ch/sitecollectionimages/profil/portrait-260/3088.jpg,FDP,2023-12-04T00:00:00,NR_CH
Piero,Marchesi,TI,https://www.parlament.ch/sitecollectionimages/profil/portrait-260/3207.jpg,SVP,2023-12-04T00:00:00,NR_CH
Pierre-Alain,Fridez,JU,https://www.parlament.ch/sitecollectionimages/profil/portrait-260/2778.jpg,SP,2023-12-04T00:00:00,NR_CH
Pierre-André,Page,FR,https://www.parlament.ch/sitecollectionimages/profil/portrait-260/3090.jpg,SVP,2023-12-04T00:00:00,NR_CH
Pierre-Yves,Maillard,VD,https://www.parlament.ch/sitecollectionimages/profil/portrait-260/2513.jpg,SP,2023-12-04T00:00:00,SR_CH
Pirmin,Schwander,SZ,https://www.parlament.ch/sitecollectionimages/profil/portrait-260/2631.jpg,SVP,2023-12-04T00:00:00,SR_CH
Pirmin,Bischof,SO,https://www.parlament.ch/sitecollectionimages/profil/portrait-260/2674.jpg,Mitte,2023-12-04T00:00:00,SR_CH
Pius,Kaufmann,LU,https://www.parlament.ch/sitecollectionimages/profil/portrait-260/10814.jpg,Mitte,2023-12-04T00:00:00,NR_CH
Priska,Seiler Graf,ZH,https://www.parlament.ch/sitecollectionimages/profil/portrait-260/3094.jpg,SP,2023-12-04T00:00:00,NR_CH
Priska,Wismer-Felder,LU,https://www.parlament.ch/sitecollectionimages/profil/portrait-260/3202.jpg,Mitte,2023-12-04T00:00:00,NR_CH
Raphaël,Mahaim,VD,https://www.parlament.ch/sitecollectionimages/profil/portrait-260/3222.jpg,Grüne,2023-12-04T00:00:00,NR_CH
Regina,Durrer-Knobel,NW,https://www.parlament.ch/sitecollectionimages/profil/portrait-260/10815.jpg,Mitte,2023-12-04T00:00:00,NR_CH
Regine,Sauter,ZH,https://www.parlament.ch/sitecollectionimages/profil/portrait-260/3103.jpg,FDP,2023-12-04T00:00:00,NR_CH
Rémy,Wyssmann,SO,https://www.parlament.ch/sitecollectionimages/profil/portrait-260/10846.jpg,SVP,2023-12-04T00:00:00,NR_CH
Reto,Nause,BE,https://www.parlament.ch/sitecollectionimages/profil/portrait-260/10811.jpg,Mitte,2023-12-04T00:00:00,NR_CH
Roger,Golay,GE,https://www.parlament.ch/sitecollectionimages/profil/portrait-260/3039.jpg,MCG,2023-12-04T00:00:00,NR_CH
Roland Rino,Büchel,SG,https://www.parlament.ch/sitecollectionimages/profil/portrait-260/2740.jpg,SVP,2023-12-04T00:00:00,NR_CH
Roman,Hug,GR,https://www.parlament.ch/sitecollectionimages/profil/portrait-260/10844.jpg,SVP,2023-12-04T00:00:00,NR_CH
Roman,Bürgi,SZ,https://www.parlament.ch/sitecollectionimages/profil/portrait-260/10845.jpg,SVP,2023-12-04T00:00:00,NR_CH
Rudi,Berli,GE,https://www.parlament.ch/sitecollectionimages/profil/portrait-260/16109.jpg,Grüne,2025-12-01T00:00:00,NR_CH
Samira,Marti,BL,https://www.parlament.ch/sitecollectionimages/profil/portrait-260/3129.jpg,SP,2023-12-04T00:00:00,NR_CH
Samuel,Bendahan,VD,https://www.parlament.ch/sitecollectionimages/profil/portrait-260/3114.jpg,SP,2023-12-04T00:00:00,NR_CH
Sandra,Sollberger,BL,https://www.parlament.ch/sitecollectionimages/profil/portrait-260/3095.jpg,SVP,2023-12-04T00:00:00,NR_CH
Sarah,Wyss,BS,https://www.parlament.ch/sitecollectionimages/profil/portrait-260/3214.jpg,SP,2023-12-04T00:00:00,NR_CH
Severin,Brüngger,SH,https://www.parlament.ch/sitecollectionimages/profil/portrait-260/15601.jpg,FDP,2025-09-08T00:00:00,SR_CH
Sibel,Arslan,BS,https://www.parlament.ch/sitecollectionimages/profil/portrait-260/3058.jpg,Grüne,2023-12-04T00:00:00,NR_CH
Sidney,Kamerzin,VS,https://www.parlament.ch/sitecollectionimages/profil/portrait-260/3163.jpg,Mitte,2023-12-04T00:00:00,NR_CH
Simon,Stadler,UR,https://www.parlament.ch/sitecollectionimages/profil/portrait-260/3184.jpg,Mitte,2023-12-04T00:00:00,NR_CH
Simon,Michel,SO,https://www.parlament.ch/sitecollectionimages/profil/portrait-260/10810.jpg,FDP,2023-12-04T00:00:00,NR_CH
Simona,Brizzi,AG,https://www.parlament.ch/sitecollectionimages/profil/portrait-260/10813.jpg,SP,2023-12-04T00:00:00,NR_CH
Simone,de Montmollin,GE,https://www.parlament.ch/sitecollectionimages/profil/portrait-260/3148.jpg,FDP,2023-12-04T00:00:00,NR_CH
Simone,Gianini,TI,https://www.parlament.ch/sitecollectionimages/profil/portrait-260/10807.jpg,FDP,2023-12-04T00:00:00,NR_CH
Sophie,Michaud Gigon,VD,https://www.parlament.ch/sitecollectionimages/profil/portrait-260/3170.jpg,Grüne,2023-12-04T00:00:00,NR_CH
Stefan,Engler,GR,https://www.parlament.ch/sitecollectionimages/profil/portrait-260/2768.jpg,Mitte,2023-12-04T00:00:00,SR_CH
Stefan,Müller-Altermatt,SO,https://www.parlament.ch/sitecollectionimages/profil/portrait-260/2771.jpg,Mitte,2023-12-04T00:00:00,NR_CH
Stefanie,Heimgartner,AG,https://www.parlament.ch/sitecollectionimages/profil/portrait-260/3210.jpg,SVP,2023-12-04T00:00:00,NR_CH
Susanne,Vincenz-Stauffacher,SG,https://www.parlament.ch/sitecollectionimages/profil/portrait-260/3188.jpg,FDP,2023-12-04T00:00:00,NR_CH
Sylvain,Freymond,VD,https://www.parlament.ch/sitecollectionimages/profil/portrait-260/10835.jpg,SVP,2023-12-04T00:00:00,NR_CH
Tamara,Funiciello,BE,https://www.parlament.ch/sitecollectionimages/profil/portrait-260/3154.jpg,SP,2023-12-04T00:00:00,NR_CH
Therese,Schläpfer,ZH,https://www.parlament.ch/sitecollectionimages/profil/portrait-260/3135.jpg,SVP,2025-12-01T00:00:00,NR_CH
Thierry,Burkart,AG,https://www.parlament.ch/sitecollectionimages/profil/portrait-260/3065.jpg,FDP,2023-12-04T00:00:00,SR_CH
Thomas,Hurter,SH,https://www.parlament.ch/sitecollectionimages/profil/portrait-260/2693.jpg,SVP,2023-12-04T00:00:00,NR_CH
Thomas,de Courten,BL,https://www.parlament.ch/sitecollectionimages/profil/portrait-260/2757.jpg,SVP,2023-12-04T00:00:00,NR_CH
Thomas,Aeschi,ZG,https://www.parlament.ch/sitecollectionimages/profil/portrait-260/2758.jpg,SVP,2023-12-04T00:00:00,NR_CH
Thomas,Matter,ZH,https://www.parlament.ch/sitecollectionimages/profil/portrait-260/3046.jpg,SVP,2023-12-04T00:00:00,NR_CH
Thomas,Burgherr,AG,https://www.parlament.ch/sitecollectionimages/profil/portrait-260/3064.jpg,SVP,2023-12-04T00:00:00,NR_CH
Thomas,Rechsteiner,AI,https://www.parlament.ch/sitecollectionimages/profil/portrait-260/3174.jpg,Mitte,2023-12-04T00:00:00,NR_CH
Thomas,Bläsi,GE,https://www.parlament.ch/sitecollectionimages/profil/portrait-260/3229.jpg,SVP,2023-12-04T00:00:00,NR_CH
Thomas,Knutti,BE,https://www.parlament.ch/sitecollectionimages/profil/portrait-260/10832.jpg,SVP,2023-12-04T00:00:00,NR_CH
Thomas,Stettler,JU,https://www.parlament.ch/sitecollectionimages/profil/portrait-260/10847.jpg,SVP,2023-12-04T00:00:00,NR_CH
Tiana Angelina,Moser,ZH,https://www.parlament.ch/sitecollectionimages/profil/portrait-260/2700.jpg,GLP,2023-12-11T00:00:00,SR_CH
Ueli,Schmezer,BE,https://www.parlament.ch/sitecollectionimages/profil/portrait-260/14809.jpg,SP,2025-03-04T00:00:00,NR_CH
Ursula,Zybach,BE,https://www.parlament.ch/sitecollectionimages/profil/portrait-260/10822.jpg,SP,2023-12-04T00:00:00,NR_CH
Valérie,Piller Carrard,FR,https://www.parlament.ch/sitecollectionimages/profil/portrait-260/3009.jpg,SP,2023-12-04T00:00:00,NR_CH
Vincent,Maitre,GE,https://www.parlament.ch/sitecollectionimages/profil/portrait-260/3167.jpg,Mitte,2023-12-04T00:00:00,NR_CH
Vroni,Thalmann-Bieri,LU,https://www.parlament.ch/sitecollectionimages/profil/portrait-260/10849.jpg,SVP,2023-12-04T00:00:00,NR_CH
Walter,Gartmann,SG,https://www.parlament.ch/sitecollectionimages/profil/portrait-260/10848.jpg,SVP,2023-12-04T00:00:00,NR_CH
Werner,Salzmann,BE,https://www.parlament.ch/sitecollectionimages/profil/portrait-260/3092.jpg,SVP,2023-12-04T00:00:00,SR_CH
Yvan,Pahud,VD,https://www.parlament.ch/sitecollectionimages/profil/portrait-260/10840.jpg,SVP,2023-12-04T00:00:00,NR_CH
Yvonne,Bürgin,ZH,https://www.parlament.ch/sitecollectionimages/profil/portrait-260/10819.jpg,Mitte,2025-09-16T00:00:00,NR_CH
